driver_name,driver_number,team_name,session_1_type,circuit_name,circuit_key,event_name,session_1_avg_lap_time,session_1_starting_air_temp,session_1_starting_humidity,session_1_starting_pressure,session_1_starting_rainfall,session_1_starting_track_temp,session_1_starting_wind_direction,session_1_starting_wind_speed,session_1_ending_air_temp,session_1_ending_humidity,session_1_ending_pressure,session_1_ending_rainfall,session_1_ending_track_temp,session_1_ending_wind_direction,session_1_ending_wind_speed,session_2_type,session_2_avg_lap_time,session_2_starting_air_temp,session_2_starting_humidity,session_2_starting_pressure,session_2_starting_rainfall,session_2_starting_track_temp,session_2_starting_wind_direction,session_2_starting_wind_speed,session_2_ending_air_temp,session_2_ending_humidity,session_2_ending_pressure,session_2_ending_rainfall,session_2_ending_track_temp,session_2_ending_wind_direction,session_2_ending_wind_speed,session_3_type,session_3_avg_lap_time,session_3_starting_air_temp,session_3_starting_humidity,session_3_starting_pressure,session_3_starting_rainfall,session_3_starting_track_temp,session_3_starting_wind_direction,session_3_starting_wind_speed,session_3_ending_air_temp,session_3_ending_humidity,session_3_ending_pressure,session_3_ending_rainfall,session_3_ending_track_temp,session_3_ending_wind_direction,session_3_ending_wind_speed,session_4_type,session_4_final_position,session_4_q1_best_lap,session_4_q2_best_lap,session_4_q3_best_lap,session_4_gap_to_fastest,session_4_starting_air_temp,session_4_starting_humidity,session_4_starting_pressure,session_4_starting_rainfall,session_4_starting_track_temp,session_4_starting_wind_direction,session_4_starting_wind_speed,session_4_ending_air_temp,session_4_ending_humidity,session_4_ending_pressure,session_4_ending_rainfall,session_4_ending_track_temp,session_4_ending_wind_direction,session_4_ending_wind_speed,session_5_type,session_5_final_position,session_5_avg_lap_time,session_5_starting_air_temp,session_5_starting_humidity,session_5_starting_pressure,session_5_starting_rainfall,session_5_starting_track_temp,session_5_starting_wind_direction,session_5_starting_wind_speed,session_5_ending_air_temp,session_5_ending_humidity,session_5_ending_pressure,session_5_ending_rainfall,session_5_ending_track_temp,session_5_ending_wind_direction,session_5_ending_wind_speed,year
S VANDOORNE,2,McLaren,Practice,Melbourne,10,Australian Grand Prix,100.20245454545451,25.3,36.7,1020.2,False,38.5,330,2.6,28.5,31.4,1017.8,False,43.8,330,1.3,Practice,97.29003448275864,28.9,27.7,1015.3,False,43.0,210,0.7,30.0,24.4,1015.0,False,39.8,199,0.4,Practice,105.89499999999998,18.6,92.3,1011.5,True,22.2,311,1.0,21.0,81.4,1009.6,False,28.3,334,1.0,Qualifying,12.0,84.073,83.853,,2.688999999999993,24.7,58.8,1007.9,False,32.0,307,1.3,24.2,63.4,1007.9,False,29.1,356,0.8,Race,9.0,93.24489655172414,24.1,36.2,997.1,False,38.2,294,3.0,24.3,30.9,997.2,True,32.6,278,4.2,2018
D RICCIARDO,3,Red Bull Racing,Practice,Melbourne,10,Australian Grand Prix,100.2955238095238,25.3,36.7,1020.2,False,38.5,330,2.6,28.5,31.4,1017.8,False,43.8,330,1.3,Practice,97.70036,28.9,27.7,1015.3,False,43.0,210,0.7,30.0,24.4,1015.0,False,39.8,199,0.4,Practice,103.164,18.6,92.3,1011.5,True,22.2,311,1.0,21.0,81.4,1009.6,False,28.3,334,1.0,Qualifying,5.0,83.494,82.897,82.152,0.9879999999999995,24.7,58.8,1007.9,False,32.0,307,1.3,24.2,63.4,1007.9,False,29.1,356,0.8,Race,4.0,92.76468965517242,24.1,36.2,997.1,False,38.2,294,3.0,24.3,30.9,997.2,True,32.6,278,4.2,2018
S VETTEL,5,Ferrari,Practice,Melbourne,10,Australian Grand Prix,93.7700588235294,25.3,36.7,1020.2,False,38.5,330,2.6,28.5,31.4,1017.8,False,43.8,330,1.3,Practice,97.38038235294118,28.9,27.7,1015.3,False,43.0,210,0.7,30.0,24.4,1015.0,False,39.8,199,0.4,Practice,103.65646153846154,18.6,92.3,1011.5,True,22.2,311,1.0,21.0,81.4,1009.6,False,28.3,334,1.0,Qualifying,3.0,83.348,81.944,81.838,0.6739999999999924,24.7,58.8,1007.9,False,32.0,307,1.3,24.2,63.4,1007.9,False,29.1,356,0.8,Race,1.0,92.6428103448276,24.1,36.2,997.1,False,38.2,294,3.0,24.3,30.9,997.2,True,32.6,278,4.2,2018
K RAIKKONEN,7,Ferrari,Practice,Melbourne,10,Australian Grand Prix,94.62561111111113,25.3,36.7,1020.2,False,38.5,330,2.6,28.5,31.4,1017.8,False,43.8,330,1.3,Practice,97.0732,28.9,27.7,1015.3,False,43.0,210,0.7,30.0,24.4,1015.0,False,39.8,199,0.4,Practice,107.185,18.6,92.3,1011.5,True,22.2,311,1.0,21.0,81.4,1009.6,False,28.3,334,1.0,Qualifying,2.0,83.096,82.507,81.828,0.6640000000000015,24.7,58.8,1007.9,False,32.0,307,1.3,24.2,63.4,1007.9,False,29.1,356,0.8,Race,3.0,92.75158620689656,24.1,36.2,997.1,False,38.2,294,3.0,24.3,30.9,997.2,True,32.6,278,4.2,2018
R GROSJEAN,8,Haas F1 Team,Practice,Melbourne,10,Australian Grand Prix,94.64968421052632,25.3,36.7,1020.2,False,38.5,330,2.6,28.5,31.4,1017.8,False,43.8,330,1.3,Practice,95.59929032258064,28.9,27.7,1015.3,False,43.0,210,0.7,30.0,24.4,1015.0,False,39.8,199,0.4,Practice,106.27025,18.6,92.3,1011.5,True,22.2,311,1.0,21.0,81.4,1009.6,False,28.3,334,1.0,Qualifying,7.0,83.671,83.468,83.339,2.174999999999997,24.7,58.8,1007.9,False,32.0,307,1.3,24.2,63.4,1007.9,False,29.1,356,0.8,Race,16.0,91.36991666666664,24.1,36.2,997.1,False,38.2,294,3.0,24.3,30.9,997.2,True,32.6,278,4.2,2018
M ERICSSON,9,Sauber,Practice,Melbourne,10,Australian Grand Prix,98.2101304347826,25.3,36.7,1020.2,False,38.5,330,2.6,28.5,31.4,1017.8,False,43.8,330,1.3,Practice,99.04651851851852,28.9,27.7,1015.3,False,43.0,210,0.7,30.0,24.4,1015.0,False,39.8,199,0.4,Practice,106.17863636363636,18.6,92.3,1011.5,True,22.2,311,1.0,21.0,81.4,1009.6,False,28.3,334,1.0,Qualifying,17.0,84.556,,,3.391999999999996,24.7,58.8,1007.9,False,32.0,307,1.3,24.2,63.4,1007.9,False,29.1,356,0.8,Race,19.0,95.01919999999998,24.1,36.2,997.1,False,38.2,294,3.0,24.3,30.9,997.2,True,32.6,278,4.2,2018
P GASLY,10,Toro Rosso,Practice,Melbourne,10,Australian Grand Prix,101.466,25.3,36.7,1020.2,False,38.5,330,2.6,28.5,31.4,1017.8,False,43.8,330,1.3,Practice,97.1221388888889,28.9,27.7,1015.3,False,43.0,210,0.7,30.0,24.4,1015.0,False,39.8,199,0.4,Practice,105.39383333333336,18.6,92.3,1011.5,True,22.2,311,1.0,21.0,81.4,1009.6,False,28.3,334,1.0,Qualifying,20.0,85.295,,,4.131,24.7,58.8,1007.9,False,32.0,307,1.3,24.2,63.4,1007.9,False,29.1,356,0.8,Race,18.0,93.18853846153846,24.1,36.2,997.1,False,38.2,294,3.0,24.3,30.9,997.2,True,32.6,278,4.2,2018
S PEREZ,11,Force India,Practice,Melbourne,10,Australian Grand Prix,95.4495238095238,25.3,36.7,1020.2,False,38.5,330,2.6,28.5,31.4,1017.8,False,43.8,330,1.3,Practice,95.50480000000002,28.9,27.7,1015.3,False,43.0,210,0.7,30.0,24.4,1015.0,False,39.8,199,0.4,Practice,,18.6,92.3,1011.5,True,22.2,311,1.0,21.0,81.4,1009.6,False,28.3,334,1.0,Qualifying,13.0,84.344,84.005,,2.840999999999994,24.7,58.8,1007.9,False,32.0,307,1.3,24.2,63.4,1007.9,False,29.1,356,0.8,Race,11.0,93.45,24.1,36.2,997.1,False,38.2,294,3.0,24.3,30.9,997.2,True,32.6,278,4.2,2018
F ALONSO,14,McLaren,Practice,Melbourne,10,Australian Grand Prix,93.45354545454546,25.3,36.7,1020.2,False,38.5,330,2.6,28.5,31.4,1017.8,False,43.8,330,1.3,Practice,98.449,28.9,27.7,1015.3,False,43.0,210,0.7,30.0,24.4,1015.0,False,39.8,199,0.4,Practice,105.18766666666666,18.6,92.3,1011.5,True,22.2,311,1.0,21.0,81.4,1009.6,False,28.3,334,1.0,Qualifying,11.0,83.597,83.692,,2.5279999999999916,24.7,58.8,1007.9,False,32.0,307,1.3,24.2,63.4,1007.9,False,29.1,356,0.8,Race,5.0,93.12360344827586,24.1,36.2,997.1,False,38.2,294,3.0,24.3,30.9,997.2,True,32.6,278,4.2,2018
C LECLERC,16,Sauber,Practice,Melbourne,10,Australian Grand Prix,99.65125,25.3,36.7,1020.2,False,38.5,330,2.6,28.5,31.4,1017.8,False,43.8,330,1.3,Practice,98.87928125,28.9,27.7,1015.3,False,43.0,210,0.7,30.0,24.4,1015.0,False,39.8,199,0.4,Practice,106.12233333333332,18.6,92.3,1011.5,True,22.2,311,1.0,21.0,81.4,1009.6,False,28.3,334,1.0,Qualifying,18.0,84.636,,,3.471999999999994,24.7,58.8,1007.9,False,32.0,307,1.3,24.2,63.4,1007.9,False,29.1,356,0.8,Race,13.0,93.949,24.1,36.2,997.1,False,38.2,294,3.0,24.3,30.9,997.2,True,32.6,278,4.2,2018
L STROLL,18,Williams,Practice,Melbourne,10,Australian Grand Prix,96.28107692307692,25.3,36.7,1020.2,False,38.5,330,2.6,28.5,31.4,1017.8,False,43.8,330,1.3,Practice,96.29670370370371,28.9,27.7,1015.3,False,43.0,210,0.7,30.0,24.4,1015.0,False,39.8,199,0.4,Practice,106.74728571428572,18.6,92.3,1011.5,True,22.2,311,1.0,21.0,81.4,1009.6,False,28.3,334,1.0,Qualifying,14.0,84.464,84.23,,3.0660000000000025,24.7,58.8,1007.9,False,32.0,307,1.3,24.2,63.4,1007.9,False,29.1,356,0.8,Race,14.0,93.99260344827586,24.1,36.2,997.1,False,38.2,294,3.0,24.3,30.9,997.2,True,32.6,278,4.2,2018
K MAGNUSSEN,20,Haas F1 Team,Practice,Melbourne,10,Australian Grand Prix,99.00066666666666,25.3,36.7,1020.2,False,38.5,330,2.6,28.5,31.4,1017.8,False,43.8,330,1.3,Practice,96.8624074074074,28.9,27.7,1015.3,False,43.0,210,0.7,30.0,24.4,1015.0,False,39.8,199,0.4,Practice,104.469,18.6,92.3,1011.5,True,22.2,311,1.0,21.0,81.4,1009.6,False,28.3,334,1.0,Qualifying,6.0,83.909,83.3,83.187,2.022999999999996,24.7,58.8,1007.9,False,32.0,307,1.3,24.2,63.4,1007.9,False,29.1,356,0.8,Race,17.0,91.43031818181818,24.1,36.2,997.1,False,38.2,294,3.0,24.3,30.9,997.2,True,32.6,278,4.2,2018
N HULKENBERG,27,Renault,Practice,Melbourne,10,Australian Grand Prix,101.23945,25.3,36.7,1020.2,False,38.5,330,2.6,28.5,31.4,1017.8,False,43.8,330,1.3,Practice,97.34428125,28.9,27.7,1015.3,False,43.0,210,0.7,30.0,24.4,1015.0,False,39.8,199,0.4,Practice,108.4966,18.6,92.3,1011.5,True,22.2,311,1.0,21.0,81.4,1009.6,False,28.3,334,1.0,Qualifying,8.0,83.782,83.544,83.532,2.367999999999995,24.7,58.8,1007.9,False,32.0,307,1.3,24.2,63.4,1007.9,False,29.1,356,0.8,Race,7.0,93.20610344827584,24.1,36.2,997.1,False,38.2,294,3.0,24.3,30.9,997.2,True,32.6,278,4.2,2018
B HARTLEY,28,Toro Rosso,Practice,Melbourne,10,Australian Grand Prix,102.13908333333332,25.3,36.7,1020.2,False,38.5,330,2.6,28.5,31.4,1017.8,False,43.8,330,1.3,Practice,98.6940789473684,28.9,27.7,1015.3,False,43.0,210,0.7,30.0,24.4,1015.0,False,39.8,199,0.4,Practice,104.76616666666666,18.6,92.3,1011.5,True,22.2,311,1.0,21.0,81.4,1009.6,False,28.3,334,1.0,Qualifying,16.0,84.532,,,3.367999999999995,24.7,58.8,1007.9,False,32.0,307,1.3,24.2,63.4,1007.9,False,29.1,356,0.8,Race,15.0,94.66243859649124,24.1,36.2,997.1,False,38.2,294,3.0,24.3,30.9,997.2,True,32.6,278,4.2,2018
E OCON,31,Force India,Practice,Melbourne,10,Australian Grand Prix,96.3432,25.3,36.7,1020.2,False,38.5,330,2.6,28.5,31.4,1017.8,False,43.8,330,1.3,Practice,96.41917857142856,28.9,27.7,1015.3,False,43.0,210,0.7,30.0,24.4,1015.0,False,39.8,199,0.4,Practice,,18.6,92.3,1011.5,True,22.2,311,1.0,21.0,81.4,1009.6,False,28.3,334,1.0,Qualifying,15.0,84.503,84.786,,3.622,24.7,58.8,1007.9,False,32.0,307,1.3,24.2,63.4,1007.9,False,29.1,356,0.8,Race,12.0,93.68208620689656,24.1,36.2,997.1,False,38.2,294,3.0,24.3,30.9,997.2,True,32.6,278,4.2,2018
M VERSTAPPEN,33,Red Bull Racing,Practice,Melbourne,10,Australian Grand Prix,97.07459090909092,25.3,36.7,1020.2,False,38.5,330,2.6,28.5,31.4,1017.8,False,43.8,330,1.3,Practice,93.87435483870968,28.9,27.7,1015.3,False,43.0,210,0.7,30.0,24.4,1015.0,False,39.8,199,0.4,Practice,108.23316666666666,18.6,92.3,1011.5,True,22.2,311,1.0,21.0,81.4,1009.6,False,28.3,334,1.0,Qualifying,4.0,83.483,82.416,81.879,0.7150000000000034,24.7,58.8,1007.9,False,32.0,307,1.3,24.2,63.4,1007.9,False,29.1,356,0.8,Race,6.0,93.14186206896552,24.1,36.2,997.1,False,38.2,294,3.0,24.3,30.9,997.2,True,32.6,278,4.2,2018
S SIROTKIN,35,Williams,Practice,Melbourne,10,Australian Grand Prix,97.48285,25.3,36.7,1020.2,False,38.5,330,2.6,28.5,31.4,1017.8,False,43.8,330,1.3,Practice,98.52354545454546,28.9,27.7,1015.3,False,43.0,210,0.7,30.0,24.4,1015.0,False,39.8,199,0.4,Practice,109.5915,18.6,92.3,1011.5,True,22.2,311,1.0,21.0,81.4,1009.6,False,28.3,334,1.0,Qualifying,19.0,84.922,,,3.757999999999995,24.7,58.8,1007.9,False,32.0,307,1.3,24.2,63.4,1007.9,False,29.1,356,0.8,Race,20.0,96.53675,24.1,36.2,997.1,False,38.2,294,3.0,24.3,30.9,997.2,True,32.6,278,4.2,2018
L HAMILTON,44,Mercedes,Practice,Melbourne,10,Australian Grand Prix,101.11245454545453,25.3,36.7,1020.2,False,38.5,330,2.6,28.5,31.4,1017.8,False,43.8,330,1.3,Practice,97.26183870967742,28.9,27.7,1015.3,False,43.0,210,0.7,30.0,24.4,1015.0,False,39.8,199,0.4,Practice,105.6945,18.6,92.3,1011.5,True,22.2,311,1.0,21.0,81.4,1009.6,False,28.3,334,1.0,Qualifying,1.0,82.824,82.051,81.164,0.0,24.7,58.8,1007.9,False,32.0,307,1.3,24.2,63.4,1007.9,False,29.1,356,0.8,Race,2.0,92.72963793103447,24.1,36.2,997.1,False,38.2,294,3.0,24.3,30.9,997.2,True,32.6,278,4.2,2018
C SAINZ,55,Renault,Practice,Melbourne,10,Australian Grand Prix,101.83383333333332,25.3,36.7,1020.2,False,38.5,330,2.6,28.5,31.4,1017.8,False,43.8,330,1.3,Practice,98.59303225806453,28.9,27.7,1015.3,False,43.0,210,0.7,30.0,24.4,1015.0,False,39.8,199,0.4,Practice,110.5635,18.6,92.3,1011.5,True,22.2,311,1.0,21.0,81.4,1009.6,False,28.3,334,1.0,Qualifying,9.0,83.529,83.061,83.577,2.4129999999999967,24.7,58.8,1007.9,False,32.0,307,1.3,24.2,63.4,1007.9,False,29.1,356,0.8,Race,10.0,93.43112068965516,24.1,36.2,997.1,False,38.2,294,3.0,24.3,30.9,997.2,True,32.6,278,4.2,2018
V BOTTAS,77,Mercedes,Practice,Melbourne,10,Australian Grand Prix,96.97279166666668,25.3,36.7,1020.2,False,38.5,330,2.6,28.5,31.4,1017.8,False,43.8,330,1.3,Practice,96.58420689655172,28.9,27.7,1015.3,False,43.0,210,0.7,30.0,24.4,1015.0,False,39.8,199,0.4,Practice,108.9341,18.6,92.3,1011.5,True,22.2,311,1.0,21.0,81.4,1009.6,False,28.3,334,1.0,Qualifying,10.0,83.686,82.089,,0.9249999999999972,24.7,58.8,1007.9,False,32.0,307,1.3,24.2,63.4,1007.9,False,29.1,356,0.8,Race,8.0,93.23486206896553,24.1,36.2,997.1,False,38.2,294,3.0,24.3,30.9,997.2,True,32.6,278,4.2,2018
S VANDOORNE,2,McLaren,Practice,Sakhir,63,Bahrain Grand Prix,103.96645,30.1,35.8,1007.8,False,42.6,312,3.1,30.3,37.5,1006.7,False,37.9,322,2.4,Practice,102.5326875,27.5,50.2,1005.5,False,32.9,330,1.9,27.6,43.3,1006.6,False,32.9,353,0.6,Practice,109.5732,29.4,45.7,1008.5,False,41.4,246,0.8,29.7,40.8,1008.5,False,36.2,150,0.6,Qualifying,14.0,90.479,90.525,,2.5670000000000073,28.2,45.7,1008.6,False,32.5,65,0.7,28.8,34.8,1008.7,False,31.8,71,0.7,Race,8.0,98.805875,28.0,46.4,1009.2,False,33.5,310,1.5,27.6,50.4,1010.0,False,31.1,74,1.0,2018
D RICCIARDO,3,Red Bull Racing,Practice,Sakhir,63,Bahrain Grand Prix,98.5307,30.1,35.8,1007.8,False,42.6,312,3.1,30.3,37.5,1006.7,False,37.9,322,2.4,Practice,100.34710714285713,27.5,50.2,1005.5,False,32.9,330,1.9,27.6,43.3,1006.6,False,32.9,353,0.6,Practice,105.7988,29.4,45.7,1008.5,False,41.4,246,0.8,29.7,40.8,1008.5,False,36.2,150,0.6,Qualifying,5.0,89.552,88.962,88.398,0.4399999999999977,28.2,45.7,1008.6,False,32.5,65,0.7,28.8,34.8,1008.7,False,31.8,71,0.7,Race,20.0,98.684,28.0,46.4,1009.2,False,33.5,310,1.5,27.6,50.4,1010.0,False,31.1,74,1.0,2018
S VETTEL,5,Ferrari,Practice,Sakhir,63,Bahrain Grand Prix,107.60230769230768,30.1,35.8,1007.8,False,42.6,312,3.1,30.3,37.5,1006.7,False,37.9,322,2.4,Practice,101.27517647058824,27.5,50.2,1005.5,False,32.9,330,1.9,27.6,43.3,1006.6,False,32.9,353,0.6,Practice,112.6382,29.4,45.7,1008.5,False,41.4,246,0.8,29.7,40.8,1008.5,False,36.2,150,0.6,Qualifying,1.0,89.06,88.341,87.958,0.0,28.2,45.7,1008.6,False,32.5,65,0.7,28.8,34.8,1008.7,False,31.8,71,0.7,Race,1.0,96.88858928571427,28.0,46.4,1009.2,False,33.5,310,1.5,27.6,50.4,1010.0,False,31.1,74,1.0,2018
K RAIKKONEN,7,Ferrari,Practice,Sakhir,63,Bahrain Grand Prix,102.46707692307692,30.1,35.8,1007.8,False,42.6,312,3.1,30.3,37.5,1006.7,False,37.9,322,2.4,Practice,101.004,27.5,50.2,1005.5,False,32.9,330,1.9,27.6,43.3,1006.6,False,32.9,353,0.6,Practice,109.9219090909091,29.4,45.7,1008.5,False,41.4,246,0.8,29.7,40.8,1008.5,False,36.2,150,0.6,Qualifying,2.0,88.951,88.515,88.101,0.1430000000000006,28.2,45.7,1008.6,False,32.5,65,0.7,28.8,34.8,1008.7,False,31.8,71,0.7,Race,18.0,98.16364705882351,28.0,46.4,1009.2,False,33.5,310,1.5,27.6,50.4,1010.0,False,31.1,74,1.0,2018
R GROSJEAN,8,Haas F1 Team,Practice,Sakhir,63,Bahrain Grand Prix,103.30863157894736,30.1,35.8,1007.8,False,42.6,312,3.1,30.3,37.5,1006.7,False,37.9,322,2.4,Practice,99.60106666666664,27.5,50.2,1005.5,False,32.9,330,1.9,27.6,43.3,1006.6,False,32.9,353,0.6,Practice,110.046,29.4,45.7,1008.5,False,41.4,246,0.8,29.7,40.8,1008.5,False,36.2,150,0.6,Qualifying,16.0,90.53,,,2.5720000000000027,28.2,45.7,1008.6,False,32.5,65,0.7,28.8,34.8,1008.7,False,31.8,71,0.7,Race,13.0,99.26867857142858,28.0,46.4,1009.2,False,33.5,310,1.5,27.6,50.4,1010.0,False,31.1,74,1.0,2018
M ERICSSON,9,Sauber,Practice,Sakhir,63,Bahrain Grand Prix,109.45216666666666,30.1,35.8,1007.8,False,42.6,312,3.1,30.3,37.5,1006.7,False,37.9,322,2.4,Practice,102.4575,27.5,50.2,1005.5,False,32.9,330,1.9,27.6,43.3,1006.6,False,32.9,353,0.6,Practice,107.3292142857143,29.4,45.7,1008.5,False,41.4,246,0.8,29.7,40.8,1008.5,False,36.2,150,0.6,Qualifying,17.0,91.063,,,3.105000000000004,28.2,45.7,1008.6,False,32.5,65,0.7,28.8,34.8,1008.7,False,31.8,71,0.7,Race,9.0,98.88492857142856,28.0,46.4,1009.2,False,33.5,310,1.5,27.6,50.4,1010.0,False,31.1,74,1.0,2018
P GASLY,10,Toro Rosso,Practice,Sakhir,63,Bahrain Grand Prix,110.9027272727273,30.1,35.8,1007.8,False,42.6,312,3.1,30.3,37.5,1006.7,False,37.9,322,2.4,Practice,101.45328571428573,27.5,50.2,1005.5,False,32.9,330,1.9,27.6,43.3,1006.6,False,32.9,353,0.6,Practice,105.2306,29.4,45.7,1008.5,False,41.4,246,0.8,29.7,40.8,1008.5,False,36.2,150,0.6,Qualifying,6.0,90.121,89.836,89.329,1.3709999999999951,28.2,45.7,1008.6,False,32.5,65,0.7,28.8,34.8,1008.7,False,31.8,71,0.7,Race,4.0,97.98323214285716,28.0,46.4,1009.2,False,33.5,310,1.5,27.6,50.4,1010.0,False,31.1,74,1.0,2018
S PEREZ,11,Force India,Practice,Sakhir,63,Bahrain Grand Prix,102.94981818181816,30.1,35.8,1007.8,False,42.6,312,3.1,30.3,37.5,1006.7,False,37.9,322,2.4,Practice,101.94466666666668,27.5,50.2,1005.5,False,32.9,330,1.9,27.6,43.3,1006.6,False,32.9,353,0.6,Practice,110.26433333333334,29.4,45.7,1008.5,False,41.4,246,0.8,29.7,40.8,1008.5,False,36.2,150,0.6,Qualifying,12.0,90.218,90.156,,2.1980000000000075,28.2,45.7,1008.6,False,32.5,65,0.7,28.8,34.8,1008.7,False,31.8,71,0.7,Race,16.0,99.13339285714284,28.0,46.4,1009.2,False,33.5,310,1.5,27.6,50.4,1010.0,False,31.1,74,1.0,2018
F ALONSO,14,McLaren,Practice,Sakhir,63,Bahrain Grand Prix,109.75079999999998,30.1,35.8,1007.8,False,42.6,312,3.1,30.3,37.5,1006.7,False,37.9,322,2.4,Practice,101.66915384615385,27.5,50.2,1005.5,False,32.9,330,1.9,27.6,43.3,1006.6,False,32.9,353,0.6,Practice,108.20433333333332,29.4,45.7,1008.5,False,41.4,246,0.8,29.7,40.8,1008.5,False,36.2,150,0.6,Qualifying,13.0,90.53,90.212,,2.254000000000005,28.2,45.7,1008.6,False,32.5,65,0.7,28.8,34.8,1008.7,False,31.8,71,0.7,Race,7.0,98.6348214285714,28.0,46.4,1009.2,False,33.5,310,1.5,27.6,50.4,1010.0,False,31.1,74,1.0,2018
C LECLERC,16,Sauber,Practice,Sakhir,63,Bahrain Grand Prix,103.34226666666667,30.1,35.8,1007.8,False,42.6,312,3.1,30.3,37.5,1006.7,False,37.9,322,2.4,Practice,99.71932352941178,27.5,50.2,1005.5,False,32.9,330,1.9,27.6,43.3,1006.6,False,32.9,353,0.6,Practice,105.65925,29.4,45.7,1008.5,False,41.4,246,0.8,29.7,40.8,1008.5,False,36.2,150,0.6,Qualifying,19.0,91.42,,,3.4620000000000033,28.2,45.7,1008.6,False,32.5,65,0.7,28.8,34.8,1008.7,False,31.8,71,0.7,Race,12.0,99.20669642857143,28.0,46.4,1009.2,False,33.5,310,1.5,27.6,50.4,1010.0,False,31.1,74,1.0,2018
L STROLL,18,Williams,Practice,Sakhir,63,Bahrain Grand Prix,110.1139375,30.1,35.8,1007.8,False,42.6,312,3.1,30.3,37.5,1006.7,False,37.9,322,2.4,Practice,105.3027037037037,27.5,50.2,1005.5,False,32.9,330,1.9,27.6,43.3,1006.6,False,32.9,353,0.6,Practice,112.6332,29.4,45.7,1008.5,False,41.4,246,0.8,29.7,40.8,1008.5,False,36.2,150,0.6,Qualifying,20.0,91.503,,,3.5450000000000017,28.2,45.7,1008.6,False,32.5,65,0.7,28.8,34.8,1008.7,False,31.8,71,0.7,Race,14.0,99.15269090909092,28.0,46.4,1009.2,False,33.5,310,1.5,27.6,50.4,1010.0,False,31.1,74,1.0,2018
K MAGNUSSEN,20,Haas F1 Team,Practice,Sakhir,63,Bahrain Grand Prix,105.1766,30.1,35.8,1007.8,False,42.6,312,3.1,30.3,37.5,1006.7,False,37.9,322,2.4,Practice,100.2574375,27.5,50.2,1005.5,False,32.9,330,1.9,27.6,43.3,1006.6,False,32.9,353,0.6,Practice,106.56536363636364,29.4,45.7,1008.5,False,41.4,246,0.8,29.7,40.8,1008.5,False,36.2,150,0.6,Qualifying,7.0,89.594,89.623,89.358,1.4000000000000057,28.2,45.7,1008.6,False,32.5,65,0.7,28.8,34.8,1008.7,False,31.8,71,0.7,Race,5.0,98.19273684210526,28.0,46.4,1009.2,False,33.5,310,1.5,27.6,50.4,1010.0,False,31.1,74,1.0,2018
N HULKENBERG,27,Renault,Practice,Sakhir,63,Bahrain Grand Prix,105.3155,30.1,35.8,1007.8,False,42.6,312,3.1,30.3,37.5,1006.7,False,37.9,322,2.4,Practice,100.54925806451612,27.5,50.2,1005.5,False,32.9,330,1.9,27.6,43.3,1006.6,False,32.9,353,0.6,Practice,108.53,29.4,45.7,1008.5,False,41.4,246,0.8,29.7,40.8,1008.5,False,36.2,150,0.6,Qualifying,8.0,90.26,89.187,89.57,1.6119999999999948,28.2,45.7,1008.6,False,32.5,65,0.7,28.8,34.8,1008.7,False,31.8,71,0.7,Race,6.0,98.61340350877192,28.0,46.4,1009.2,False,33.5,310,1.5,27.6,50.4,1010.0,False,31.1,74,1.0,2018
B HARTLEY,28,Toro Rosso,Practice,Sakhir,63,Bahrain Grand Prix,108.84617391304346,30.1,35.8,1007.8,False,42.6,312,3.1,30.3,37.5,1006.7,False,37.9,322,2.4,Practice,102.46631428571428,27.5,50.2,1005.5,False,32.9,330,1.9,27.6,43.3,1006.6,False,32.9,353,0.6,Practice,105.59013333333333,29.4,45.7,1008.5,False,41.4,246,0.8,29.7,40.8,1008.5,False,36.2,150,0.6,Qualifying,11.0,90.412,90.105,,2.1470000000000056,28.2,45.7,1008.6,False,32.5,65,0.7,28.8,34.8,1008.7,False,31.8,71,0.7,Race,17.0,99.133875,28.0,46.4,1009.2,False,33.5,310,1.5,27.6,50.4,1010.0,False,31.1,74,1.0,2018
E OCON,31,Force India,Practice,Sakhir,63,Bahrain Grand Prix,106.65884210526316,30.1,35.8,1007.8,False,42.6,312,3.1,30.3,37.5,1006.7,False,37.9,322,2.4,Practice,102.3325357142857,27.5,50.2,1005.5,False,32.9,330,1.9,27.6,43.3,1006.6,False,32.9,353,0.6,Practice,111.33733333333332,29.4,45.7,1008.5,False,41.4,246,0.8,29.7,40.8,1008.5,False,36.2,150,0.6,Qualifying,9.0,90.338,90.009,89.874,1.9159999999999968,28.2,45.7,1008.6,False,32.5,65,0.7,28.8,34.8,1008.7,False,31.8,71,0.7,Race,10.0,98.994375,28.0,46.4,1009.2,False,33.5,310,1.5,27.6,50.4,1010.0,False,31.1,74,1.0,2018
M VERSTAPPEN,33,Red Bull Racing,Practice,Sakhir,63,Bahrain Grand Prix,,30.1,35.8,1007.8,False,42.6,312,3.1,30.3,37.5,1006.7,False,37.9,322,2.4,Practice,101.59928571428571,27.5,50.2,1005.5,False,32.9,330,1.9,27.6,43.3,1006.6,False,32.9,353,0.6,Practice,106.327,29.4,45.7,1008.5,False,41.4,246,0.8,29.7,40.8,1008.5,False,36.2,150,0.6,Qualifying,15.0,89.374,,,1.4159999999999968,28.2,45.7,1008.6,False,32.5,65,0.7,28.8,34.8,1008.7,False,31.8,71,0.7,Race,19.0,115.883,28.0,46.4,1009.2,False,33.5,310,1.5,27.6,50.4,1010.0,False,31.1,74,1.0,2018
S SIROTKIN,35,Williams,Practice,Sakhir,63,Bahrain Grand Prix,107.30458333333333,30.1,35.8,1007.8,False,42.6,312,3.1,30.3,37.5,1006.7,False,37.9,322,2.4,Practice,105.51220588235294,27.5,50.2,1005.5,False,32.9,330,1.9,27.6,43.3,1006.6,False,32.9,353,0.6,Practice,110.91577777777778,29.4,45.7,1008.5,False,41.4,246,0.8,29.7,40.8,1008.5,False,36.2,150,0.6,Qualifying,18.0,91.414,,,3.456000000000003,28.2,45.7,1008.6,False,32.5,65,0.7,28.8,34.8,1008.7,False,31.8,71,0.7,Race,15.0,99.63705357142858,28.0,46.4,1009.2,False,33.5,310,1.5,27.6,50.4,1010.0,False,31.1,74,1.0,2018
L HAMILTON,44,Mercedes,Practice,Sakhir,63,Bahrain Grand Prix,106.484,30.1,35.8,1007.8,False,42.6,312,3.1,30.3,37.5,1006.7,False,37.9,322,2.4,Practice,101.38568965517244,27.5,50.2,1005.5,False,32.9,330,1.9,27.6,43.3,1006.6,False,32.9,353,0.6,Practice,100.0239,29.4,45.7,1008.5,False,41.4,246,0.8,29.7,40.8,1008.5,False,36.2,150,0.6,Qualifying,4.0,89.396,88.458,88.22,0.2620000000000004,28.2,45.7,1008.6,False,32.5,65,0.7,28.8,34.8,1008.7,False,31.8,71,0.7,Race,3.0,97.01046428571428,28.0,46.4,1009.2,False,33.5,310,1.5,27.6,50.4,1010.0,False,31.1,74,1.0,2018
C SAINZ,55,Renault,Practice,Sakhir,63,Bahrain Grand Prix,102.1504375,30.1,35.8,1007.8,False,42.6,312,3.1,30.3,37.5,1006.7,False,37.9,322,2.4,Practice,102.54067741935484,27.5,50.2,1005.5,False,32.9,330,1.9,27.6,43.3,1006.6,False,32.9,353,0.6,Practice,107.37344444444444,29.4,45.7,1008.5,False,41.4,246,0.8,29.7,40.8,1008.5,False,36.2,150,0.6,Qualifying,10.0,89.893,89.802,89.986,2.028000000000006,28.2,45.7,1008.6,False,32.5,65,0.7,28.8,34.8,1008.7,False,31.8,71,0.7,Race,11.0,99.1125892857143,28.0,46.4,1009.2,False,33.5,310,1.5,27.6,50.4,1010.0,False,31.1,74,1.0,2018
V BOTTAS,77,Mercedes,Practice,Sakhir,63,Bahrain Grand Prix,103.2694,30.1,35.8,1007.8,False,42.6,312,3.1,30.3,37.5,1006.7,False,37.9,322,2.4,Practice,100.06017857142857,27.5,50.2,1005.5,False,32.9,330,1.9,27.6,43.3,1006.6,False,32.9,353,0.6,Practice,106.81153846153848,29.4,45.7,1008.5,False,41.4,246,0.8,29.7,40.8,1008.5,False,36.2,150,0.6,Qualifying,3.0,89.275,88.794,88.124,0.1659999999999968,28.2,45.7,1008.6,False,32.5,65,0.7,28.8,34.8,1008.7,False,31.8,71,0.7,Race,2.0,96.90201785714284,28.0,46.4,1009.2,False,33.5,310,1.5,27.6,50.4,1010.0,False,31.1,74,1.0,2018
S VANDOORNE,2,McLaren,Practice,Shanghai,49,Chinese Grand Prix,108.84665,18.9,40.0,1016.0,False,19.8,72,3.0,19.0,51.5,1014.8,False,20.5,102,2.3,Practice,105.16494444444444,18.1,72.0,1012.0,False,20.8,266,1.2,17.1,81.1,1010.4,True,19.0,79,2.0,Practice,111.44981818181816,12.8,82.4,1013.6,False,14.9,153,2.4,12.5,80.1,1014.0,False,15.3,152,2.3,Qualifying,14.0,93.824,93.505,,2.4099999999999966,12.5,78.5,1014.9,False,15.8,201,1.7,12.7,76.2,1015.1,False,15.3,127,1.6,Race,13.0,103.31701785714286,19.0,21.2,1018.3,False,39.0,104,1.8,19.1,26.8,1018.1,True,28.3,84,0.8,2018
D RICCIARDO,3,Red Bull Racing,Practice,Shanghai,49,Chinese Grand Prix,104.54444444444444,18.9,40.0,1016.0,False,19.8,72,3.0,19.0,51.5,1014.8,False,20.5,102,2.3,Practice,105.57891304347828,18.1,72.0,1012.0,False,20.8,266,1.2,17.1,81.1,1010.4,True,19.0,79,2.0,Practice,108.545,12.8,82.4,1013.6,False,14.9,153,2.4,12.5,80.1,1014.0,False,15.3,152,2.3,Qualifying,6.0,93.877,92.688,91.948,0.8529999999999944,12.5,78.5,1014.9,False,15.8,201,1.7,12.7,76.2,1015.1,False,15.3,127,1.6,Race,1.0,100.4982962962963,19.0,21.2,1018.3,False,39.0,104,1.8,19.1,26.8,1018.1,True,28.3,84,0.8,2018
S VETTEL,5,Ferrari,Practice,Shanghai,49,Chinese Grand Prix,111.03107142857142,18.9,40.0,1016.0,False,19.8,72,3.0,19.0,51.5,1014.8,False,20.5,102,2.3,Practice,108.6861304347826,18.1,72.0,1012.0,False,20.8,266,1.2,17.1,81.1,1010.4,True,19.0,79,2.0,Practice,108.838,12.8,82.4,1013.6,False,14.9,153,2.4,12.5,80.1,1014.0,False,15.3,152,2.3,Qualifying,1.0,92.171,92.385,91.095,0.0,12.5,78.5,1014.9,False,15.8,201,1.7,12.7,76.2,1015.1,False,15.3,127,1.6,Race,8.0,100.9647037037037,19.0,21.2,1018.3,False,39.0,104,1.8,19.1,26.8,1018.1,True,28.3,84,0.8,2018
K RAIKKONEN,7,Ferrari,Practice,Shanghai,49,Chinese Grand Prix,104.8507,18.9,40.0,1016.0,False,19.8,72,3.0,19.0,51.5,1014.8,False,20.5,102,2.3,Practice,105.59180952380952,18.1,72.0,1012.0,False,20.8,266,1.2,17.1,81.1,1010.4,True,19.0,79,2.0,Practice,106.6305,12.8,82.4,1013.6,False,14.9,153,2.4,12.5,80.1,1014.0,False,15.3,152,2.3,Qualifying,2.0,92.474,92.286,91.182,0.0870000000000033,12.5,78.5,1014.9,False,15.8,201,1.7,12.7,76.2,1015.1,False,15.3,127,1.6,Race,3.0,101.617,19.0,21.2,1018.3,False,39.0,104,1.8,19.1,26.8,1018.1,True,28.3,84,0.8,2018
R GROSJEAN,8,Haas F1 Team,Practice,Shanghai,49,Chinese Grand Prix,105.04770588235294,18.9,40.0,1016.0,False,19.8,72,3.0,19.0,51.5,1014.8,False,20.5,102,2.3,Practice,105.0125652173913,18.1,72.0,1012.0,False,20.8,266,1.2,17.1,81.1,1010.4,True,19.0,79,2.0,Practice,113.9055,12.8,82.4,1013.6,False,14.9,153,2.4,12.5,80.1,1014.0,False,15.3,152,2.3,Qualifying,10.0,93.238,92.524,92.855,1.7600000000000051,12.5,78.5,1014.9,False,15.8,201,1.7,12.7,76.2,1015.1,False,15.3,127,1.6,Race,17.0,103.60135714285714,19.0,21.2,1018.3,False,39.0,104,1.8,19.1,26.8,1018.1,True,28.3,84,0.8,2018
M ERICSSON,9,Sauber,Practice,Shanghai,49,Chinese Grand Prix,106.475375,18.9,40.0,1016.0,False,19.8,72,3.0,19.0,51.5,1014.8,False,20.5,102,2.3,Practice,108.37504,18.1,72.0,1012.0,False,20.8,266,1.2,17.1,81.1,1010.4,True,19.0,79,2.0,Practice,112.20622222222222,12.8,82.4,1013.6,False,14.9,153,2.4,12.5,80.1,1014.0,False,15.3,152,2.3,Qualifying,20.0,94.914,,,3.8190000000000026,12.5,78.5,1014.9,False,15.8,201,1.7,12.7,76.2,1015.1,False,15.3,127,1.6,Race,16.0,101.6071851851852,19.0,21.2,1018.3,False,39.0,104,1.8,19.1,26.8,1018.1,True,28.3,84,0.8,2018
P GASLY,10,Toro Rosso,Practice,Shanghai,49,Chinese Grand Prix,104.93725,18.9,40.0,1016.0,False,19.8,72,3.0,19.0,51.5,1014.8,False,20.5,102,2.3,Practice,105.15081481481482,18.1,72.0,1012.0,False,20.8,266,1.2,17.1,81.1,1010.4,True,19.0,79,2.0,Practice,108.11607692307692,12.8,82.4,1013.6,False,14.9,153,2.4,12.5,80.1,1014.0,False,15.3,152,2.3,Qualifying,17.0,94.101,,,3.006,12.5,78.5,1014.9,False,15.8,201,1.7,12.7,76.2,1015.1,False,15.3,127,1.6,Race,18.0,102.36129090909093,19.0,21.2,1018.3,False,39.0,104,1.8,19.1,26.8,1018.1,True,28.3,84,0.8,2018
S PEREZ,11,Force India,Practice,Shanghai,49,Chinese Grand Prix,105.09126086956522,18.9,40.0,1016.0,False,19.8,72,3.0,19.0,51.5,1014.8,False,20.5,102,2.3,Practice,108.32015384615384,18.1,72.0,1012.0,False,20.8,266,1.2,17.1,81.1,1010.4,True,19.0,79,2.0,Practice,107.58741666666668,12.8,82.4,1013.6,False,14.9,153,2.4,12.5,80.1,1014.0,False,15.3,152,2.3,Qualifying,8.0,93.464,92.931,92.758,1.6629999999999967,12.5,78.5,1014.9,False,15.8,201,1.7,12.7,76.2,1015.1,False,15.3,127,1.6,Race,12.0,103.23401785714285,19.0,21.2,1018.3,False,39.0,104,1.8,19.1,26.8,1018.1,True,28.3,84,0.8,2018
F ALONSO,14,McLaren,Practice,Shanghai,49,Chinese Grand Prix,104.889875,18.9,40.0,1016.0,False,19.8,72,3.0,19.0,51.5,1014.8,False,20.5,102,2.3,Practice,105.17372222222224,18.1,72.0,1012.0,False,20.8,266,1.2,17.1,81.1,1010.4,True,19.0,79,2.0,Practice,112.207625,12.8,82.4,1013.6,False,14.9,153,2.4,12.5,80.1,1014.0,False,15.3,152,2.3,Qualifying,13.0,93.428,93.232,,2.1370000000000005,12.5,78.5,1014.9,False,15.8,201,1.7,12.7,76.2,1015.1,False,15.3,127,1.6,Race,7.0,102.98248214285717,19.0,21.2,1018.3,False,39.0,104,1.8,19.1,26.8,1018.1,True,28.3,84,0.8,2018
C LECLERC,16,Sauber,Practice,Shanghai,49,Chinese Grand Prix,103.9845,18.9,40.0,1016.0,False,19.8,72,3.0,19.0,51.5,1014.8,False,20.5,102,2.3,Practice,105.53582608695652,18.1,72.0,1012.0,False,20.8,266,1.2,17.1,81.1,1010.4,True,19.0,79,2.0,Practice,112.86481818181818,12.8,82.4,1013.6,False,14.9,153,2.4,12.5,80.1,1014.0,False,15.3,152,2.3,Qualifying,19.0,94.454,,,3.3589999999999947,12.5,78.5,1014.9,False,15.8,201,1.7,12.7,76.2,1015.1,False,15.3,127,1.6,Race,19.0,101.8797037037037,19.0,21.2,1018.3,False,39.0,104,1.8,19.1,26.8,1018.1,True,28.3,84,0.8,2018
L STROLL,18,Williams,Practice,Shanghai,49,Chinese Grand Prix,108.95658333333336,18.9,40.0,1016.0,False,19.8,72,3.0,19.0,51.5,1014.8,False,20.5,102,2.3,Practice,111.203375,18.1,72.0,1012.0,False,20.8,266,1.2,17.1,81.1,1010.4,True,19.0,79,2.0,Practice,107.01391666666666,12.8,82.4,1013.6,False,14.9,153,2.4,12.5,80.1,1014.0,False,15.3,152,2.3,Qualifying,18.0,94.285,,,3.1899999999999977,12.5,78.5,1014.9,False,15.8,201,1.7,12.7,76.2,1015.1,False,15.3,127,1.6,Race,14.0,103.42625,19.0,21.2,1018.3,False,39.0,104,1.8,19.1,26.8,1018.1,True,28.3,84,0.8,2018
K MAGNUSSEN,20,Haas F1 Team,Practice,Shanghai,49,Chinese Grand Prix,106.3704705882353,18.9,40.0,1016.0,False,19.8,72,3.0,19.0,51.5,1014.8,False,20.5,102,2.3,Practice,103.29069565217392,18.1,72.0,1012.0,False,20.8,266,1.2,17.1,81.1,1010.4,True,19.0,79,2.0,Practice,103.29404347826086,12.8,82.4,1013.6,False,14.9,153,2.4,12.5,80.1,1014.0,False,15.3,152,2.3,Qualifying,11.0,93.359,92.986,,1.8910000000000051,12.5,78.5,1014.9,False,15.8,201,1.7,12.7,76.2,1015.1,False,15.3,127,1.6,Race,10.0,103.14239285714288,19.0,21.2,1018.3,False,39.0,104,1.8,19.1,26.8,1018.1,True,28.3,84,0.8,2018
N HULKENBERG,27,Renault,Practice,Shanghai,49,Chinese Grand Prix,109.17323076923076,18.9,40.0,1016.0,False,19.8,72,3.0,19.0,51.5,1014.8,False,20.5,102,2.3,Practice,104.15296296296296,18.1,72.0,1012.0,False,20.8,266,1.2,17.1,81.1,1010.4,True,19.0,79,2.0,Practice,107.57346153846152,12.8,82.4,1013.6,False,14.9,153,2.4,12.5,80.1,1014.0,False,15.3,152,2.3,Qualifying,7.0,93.545,92.494,92.532,1.4369999999999976,12.5,78.5,1014.9,False,15.8,201,1.7,12.7,76.2,1015.1,False,15.3,127,1.6,Race,6.0,101.9296181818182,19.0,21.2,1018.3,False,39.0,104,1.8,19.1,26.8,1018.1,True,28.3,84,0.8,2018
B HARTLEY,28,Toro Rosso,Practice,Shanghai,49,Chinese Grand Prix,105.80530000000002,18.9,40.0,1016.0,False,19.8,72,3.0,19.0,51.5,1014.8,False,20.5,102,2.3,Practice,103.63475757575758,18.1,72.0,1012.0,False,20.8,266,1.2,17.1,81.1,1010.4,True,19.0,79,2.0,Practice,107.9113125,12.8,82.4,1013.6,False,14.9,153,2.4,12.5,80.1,1014.0,False,15.3,152,2.3,Qualifying,15.0,94.013,93.795,,2.700000000000003,12.5,78.5,1014.9,False,15.8,201,1.7,12.7,76.2,1015.1,False,15.3,127,1.6,Race,20.0,102.23510204081632,19.0,21.2,1018.3,False,39.0,104,1.8,19.1,26.8,1018.1,True,28.3,84,0.8,2018
E OCON,31,Force India,Practice,Shanghai,49,Chinese Grand Prix,104.57051851851854,18.9,40.0,1016.0,False,19.8,72,3.0,19.0,51.5,1014.8,False,20.5,102,2.3,Practice,105.4325,18.1,72.0,1012.0,False,20.8,266,1.2,17.1,81.1,1010.4,True,19.0,79,2.0,Practice,110.66164285714284,12.8,82.4,1013.6,False,14.9,153,2.4,12.5,80.1,1014.0,False,15.3,152,2.3,Qualifying,12.0,93.585,93.057,,1.9620000000000033,12.5,78.5,1014.9,False,15.8,201,1.7,12.7,76.2,1015.1,False,15.3,127,1.6,Race,11.0,103.2219642857143,19.0,21.2,1018.3,False,39.0,104,1.8,19.1,26.8,1018.1,True,28.3,84,0.8,2018
M VERSTAPPEN,33,Red Bull Racing,Practice,Shanghai,49,Chinese Grand Prix,106.13038888888887,18.9,40.0,1016.0,False,19.8,72,3.0,19.0,51.5,1014.8,False,20.5,102,2.3,Practice,103.15895454545456,18.1,72.0,1012.0,False,20.8,266,1.2,17.1,81.1,1010.4,True,19.0,79,2.0,Practice,108.80991666666668,12.8,82.4,1013.6,False,14.9,153,2.4,12.5,80.1,1014.0,False,15.3,152,2.3,Qualifying,5.0,92.932,92.809,91.796,0.7010000000000076,12.5,78.5,1014.9,False,15.8,201,1.7,12.7,76.2,1015.1,False,15.3,127,1.6,Race,5.0,100.5494074074074,19.0,21.2,1018.3,False,39.0,104,1.8,19.1,26.8,1018.1,True,28.3,84,0.8,2018
S SIROTKIN,35,Williams,Practice,Shanghai,49,Chinese Grand Prix,106.13392000000002,18.9,40.0,1016.0,False,19.8,72,3.0,19.0,51.5,1014.8,False,20.5,102,2.3,Practice,105.17996428571428,18.1,72.0,1012.0,False,20.8,266,1.2,17.1,81.1,1010.4,True,19.0,79,2.0,Practice,105.6685,12.8,82.4,1013.6,False,14.9,153,2.4,12.5,80.1,1014.0,False,15.3,152,2.3,Qualifying,16.0,94.062,,,2.9669999999999987,12.5,78.5,1014.9,False,15.8,201,1.7,12.7,76.2,1015.1,False,15.3,127,1.6,Race,15.0,103.475375,19.0,21.2,1018.3,False,39.0,104,1.8,19.1,26.8,1018.1,True,28.3,84,0.8,2018
L HAMILTON,44,Mercedes,Practice,Shanghai,49,Chinese Grand Prix,106.6707222222222,18.9,40.0,1016.0,False,19.8,72,3.0,19.0,51.5,1014.8,False,20.5,102,2.3,Practice,105.13691304347827,18.1,72.0,1012.0,False,20.8,266,1.2,17.1,81.1,1010.4,True,19.0,79,2.0,Practice,112.87809090909091,12.8,82.4,1013.6,False,14.9,153,2.4,12.5,80.1,1014.0,False,15.3,152,2.3,Qualifying,4.0,93.283,91.914,91.675,0.5799999999999983,12.5,78.5,1014.9,False,15.8,201,1.7,12.7,76.2,1015.1,False,15.3,127,1.6,Race,4.0,100.73324074074073,19.0,21.2,1018.3,False,39.0,104,1.8,19.1,26.8,1018.1,True,28.3,84,0.8,2018
C SAINZ,55,Renault,Practice,Shanghai,49,Chinese Grand Prix,107.72463157894737,18.9,40.0,1016.0,False,19.8,72,3.0,19.0,51.5,1014.8,False,20.5,102,2.3,Practice,106.84644000000002,18.1,72.0,1012.0,False,20.8,266,1.2,17.1,81.1,1010.4,True,19.0,79,2.0,Practice,109.60376470588234,12.8,82.4,1013.6,False,14.9,153,2.4,12.5,80.1,1014.0,False,15.3,152,2.3,Qualifying,9.0,93.315,92.97,92.819,1.7240000000000038,12.5,78.5,1014.9,False,15.8,201,1.7,12.7,76.2,1015.1,False,15.3,127,1.6,Race,9.0,102.20300000000002,19.0,21.2,1018.3,False,39.0,104,1.8,19.1,26.8,1018.1,True,28.3,84,0.8,2018
V BOTTAS,77,Mercedes,Practice,Shanghai,49,Chinese Grand Prix,103.89355999999998,18.9,40.0,1016.0,False,19.8,72,3.0,19.0,51.5,1014.8,False,20.5,102,2.3,Practice,105.667875,18.1,72.0,1012.0,False,20.8,266,1.2,17.1,81.1,1010.4,True,19.0,79,2.0,Practice,109.63276923076924,12.8,82.4,1013.6,False,14.9,153,2.4,12.5,80.1,1014.0,False,15.3,152,2.3,Qualifying,3.0,92.921,92.063,91.625,0.5300000000000011,12.5,78.5,1014.9,False,15.8,201,1.7,12.7,76.2,1015.1,False,15.3,127,1.6,Race,2.0,100.4470925925926,19.0,21.2,1018.3,False,39.0,104,1.8,19.1,26.8,1018.1,True,28.3,84,0.8,2018
S VANDOORNE,2,McLaren,Practice,Baku,144,Azerbaijan Grand Prix,119.18033333333332,22.4,42.2,1020.2,False,42.1,175,0.3,22.5,41.2,1019.5,False,39.8,245,1.2,Practice,114.03761538461539,19.2,58.5,1019.0,False,31.5,156,0.3,19.4,62.3,1018.1,False,26.9,242,1.2,Practice,118.62233333333332,24.1,41.1,1015.9,False,29.0,352,1.1,23.5,43.2,1015.0,False,28.3,165,1.9,Qualifying,16.0,104.489,,,2.9909999999999997,22.0,47.4,1015.3,False,26.6,198,1.5,23.0,45.8,1015.0,False,26.5,8,1.7,Race,9.0,114.66486046511628,17.2,46.1,1021.7,False,27.1,86,2.1,16.7,43.4,1022.3,False,23.7,7,1.6,2018
D RICCIARDO,3,Red Bull Racing,Practice,Baku,144,Azerbaijan Grand Prix,113.19305263157894,22.4,42.2,1020.2,False,42.1,175,0.3,22.5,41.2,1019.5,False,39.8,245,1.2,Practice,111.63412499999998,19.2,58.5,1019.0,False,31.5,156,0.3,19.4,62.3,1018.1,False,26.9,242,1.2,Practice,112.14746153846153,24.1,41.1,1015.9,False,29.0,352,1.1,23.5,43.2,1015.0,False,28.3,165,1.9,Qualifying,4.0,102.857,103.482,101.911,0.4129999999999967,22.0,47.4,1015.3,False,26.6,198,1.5,23.0,45.8,1015.0,False,26.5,8,1.7,Race,17.0,109.72739999999999,17.2,46.1,1021.7,False,27.1,86,2.1,16.7,43.4,1022.3,False,23.7,7,1.6,2018
S VETTEL,5,Ferrari,Practice,Baku,144,Azerbaijan Grand Prix,120.78542857142858,22.4,42.2,1020.2,False,42.1,175,0.3,22.5,41.2,1019.5,False,39.8,245,1.2,Practice,114.58585294117647,19.2,58.5,1019.0,False,31.5,156,0.3,19.4,62.3,1018.1,False,26.9,242,1.2,Practice,120.08461538461538,24.1,41.1,1015.9,False,29.0,352,1.1,23.5,43.2,1015.0,False,28.3,165,1.9,Qualifying,1.0,102.762,103.015,101.498,0.0,22.0,47.4,1015.3,False,26.6,198,1.5,23.0,45.8,1015.0,False,26.5,8,1.7,Race,4.0,108.9749,17.2,46.1,1021.7,False,27.1,86,2.1,16.7,43.4,1022.3,False,23.7,7,1.6,2018
K RAIKKONEN,7,Ferrari,Practice,Baku,144,Azerbaijan Grand Prix,115.63942857142857,22.4,42.2,1020.2,False,42.1,175,0.3,22.5,41.2,1019.5,False,39.8,245,1.2,Practice,113.29514285714286,19.2,58.5,1019.0,False,31.5,156,0.3,19.4,62.3,1018.1,False,26.9,242,1.2,Practice,115.71076923076923,24.1,41.1,1015.9,False,29.0,352,1.1,23.5,43.2,1015.0,False,28.3,165,1.9,Qualifying,6.0,102.538,102.51,102.49,0.9919999999999902,22.0,47.4,1015.3,False,26.6,198,1.5,23.0,45.8,1015.0,False,26.5,8,1.7,Race,2.0,111.07514634146342,17.2,46.1,1021.7,False,27.1,86,2.1,16.7,43.4,1022.3,False,23.7,7,1.6,2018
R GROSJEAN,8,Haas F1 Team,Practice,Baku,144,Azerbaijan Grand Prix,112.34699999999998,22.4,42.2,1020.2,False,42.1,175,0.3,22.5,41.2,1019.5,False,39.8,245,1.2,Practice,112.88279166666666,19.2,58.5,1019.0,False,31.5,156,0.3,19.4,62.3,1018.1,False,26.9,242,1.2,Practice,117.86566666666666,24.1,41.1,1015.9,False,29.0,352,1.1,23.5,43.2,1015.0,False,28.3,165,1.9,Qualifying,20.0,,,,,22.0,47.4,1015.3,False,26.6,198,1.5,23.0,45.8,1015.0,False,26.5,8,1.7,Race,15.0,111.81013513513513,17.2,46.1,1021.7,False,27.1,86,2.1,16.7,43.4,1022.3,False,23.7,7,1.6,2018
M ERICSSON,9,Sauber,Practice,Baku,144,Azerbaijan Grand Prix,117.91406666666666,22.4,42.2,1020.2,False,42.1,175,0.3,22.5,41.2,1019.5,False,39.8,245,1.2,Practice,117.26916666666666,19.2,58.5,1019.0,False,31.5,156,0.3,19.4,62.3,1018.1,False,26.9,242,1.2,Practice,119.35241666666668,24.1,41.1,1015.9,False,29.0,352,1.1,23.5,43.2,1015.0,False,28.3,165,1.9,Qualifying,18.0,105.541,,,4.042999999999992,22.0,47.4,1015.3,False,26.6,198,1.5,23.0,45.8,1015.0,False,26.5,8,1.7,Race,11.0,118.32676086956522,17.2,46.1,1021.7,False,27.1,86,2.1,16.7,43.4,1022.3,False,23.7,7,1.6,2018
P GASLY,10,Toro Rosso,Practice,Baku,144,Azerbaijan Grand Prix,117.66666666666667,22.4,42.2,1020.2,False,42.1,175,0.3,22.5,41.2,1019.5,False,39.8,245,1.2,Practice,113.42502857142854,19.2,58.5,1019.0,False,31.5,156,0.3,19.4,62.3,1018.1,False,26.9,242,1.2,Practice,115.91608333333333,24.1,41.1,1015.9,False,29.0,352,1.1,23.5,43.2,1015.0,False,28.3,165,1.9,Qualifying,17.0,104.496,,,2.9979999999999905,22.0,47.4,1015.3,False,26.6,198,1.5,23.0,45.8,1015.0,False,26.5,8,1.7,Race,12.0,113.91669047619048,17.2,46.1,1021.7,False,27.1,86,2.1,16.7,43.4,1022.3,False,23.7,7,1.6,2018
S PEREZ,11,Force India,Practice,Baku,144,Azerbaijan Grand Prix,121.99054999999998,22.4,42.2,1020.2,False,42.1,175,0.3,22.5,41.2,1019.5,False,39.8,245,1.2,Practice,115.24528571428573,19.2,58.5,1019.0,False,31.5,156,0.3,19.4,62.3,1018.1,False,26.9,242,1.2,Practice,118.55483333333332,24.1,41.1,1015.9,False,29.0,352,1.1,23.5,43.2,1015.0,False,28.3,165,1.9,Qualifying,8.0,103.992,103.366,102.547,1.0489999999999924,22.0,47.4,1015.3,False,26.6,198,1.5,23.0,45.8,1015.0,False,26.5,8,1.7,Race,3.0,111.08578048780487,17.2,46.1,1021.7,False,27.1,86,2.1,16.7,43.4,1022.3,False,23.7,7,1.6,2018
F ALONSO,14,McLaren,Practice,Baku,144,Azerbaijan Grand Prix,115.17776470588235,22.4,42.2,1020.2,False,42.1,175,0.3,22.5,41.2,1019.5,False,39.8,245,1.2,Practice,114.08973333333333,19.2,58.5,1019.0,False,31.5,156,0.3,19.4,62.3,1018.1,False,26.9,242,1.2,Practice,112.2391111111111,24.1,41.1,1015.9,False,29.0,352,1.1,23.5,43.2,1015.0,False,28.3,165,1.9,Qualifying,13.0,104.01,104.019,,2.521000000000001,22.0,47.4,1015.3,False,26.6,198,1.5,23.0,45.8,1015.0,False,26.5,8,1.7,Race,7.0,112.77453658536587,17.2,46.1,1021.7,False,27.1,86,2.1,16.7,43.4,1022.3,False,23.7,7,1.6,2018
C LECLERC,16,Sauber,Practice,Baku,144,Azerbaijan Grand Prix,117.99337500000001,22.4,42.2,1020.2,False,42.1,175,0.3,22.5,41.2,1019.5,False,39.8,245,1.2,Practice,112.76233333333336,19.2,58.5,1019.0,False,31.5,156,0.3,19.4,62.3,1018.1,False,26.9,242,1.2,Practice,115.7357,24.1,41.1,1015.9,False,29.0,352,1.1,23.5,43.2,1015.0,False,28.3,165,1.9,Qualifying,14.0,103.752,104.074,,2.5759999999999934,22.0,47.4,1015.3,False,26.6,198,1.5,23.0,45.8,1015.0,False,26.5,8,1.7,Race,6.0,111.90134146341464,17.2,46.1,1021.7,False,27.1,86,2.1,16.7,43.4,1022.3,False,23.7,7,1.6,2018
L STROLL,18,Williams,Practice,Baku,144,Azerbaijan Grand Prix,112.43814285714288,22.4,42.2,1020.2,False,42.1,175,0.3,22.5,41.2,1019.5,False,39.8,245,1.2,Practice,115.53044444444443,19.2,58.5,1019.0,False,31.5,156,0.3,19.4,62.3,1018.1,False,26.9,242,1.2,Practice,116.65533333333333,24.1,41.1,1015.9,False,29.0,352,1.1,23.5,43.2,1015.0,False,28.3,165,1.9,Qualifying,11.0,104.359,103.585,,2.086999999999989,22.0,47.4,1015.3,False,26.6,198,1.5,23.0,45.8,1015.0,False,26.5,8,1.7,Race,8.0,111.97097560975611,17.2,46.1,1021.7,False,27.1,86,2.1,16.7,43.4,1022.3,False,23.7,7,1.6,2018
K MAGNUSSEN,20,Haas F1 Team,Practice,Baku,144,Azerbaijan Grand Prix,114.67353846153847,22.4,42.2,1020.2,False,42.1,175,0.3,22.5,41.2,1019.5,False,39.8,245,1.2,Practice,113.65000000000002,19.2,58.5,1019.0,False,31.5,156,0.3,19.4,62.3,1018.1,False,26.9,242,1.2,Practice,110.39385714285713,24.1,41.1,1015.9,False,29.0,352,1.1,23.5,43.2,1015.0,False,28.3,165,1.9,Qualifying,15.0,103.674,104.759,,3.2609999999999957,22.0,47.4,1015.3,False,26.6,198,1.5,23.0,45.8,1015.0,False,26.5,8,1.7,Race,13.0,115.56711627906978,17.2,46.1,1021.7,False,27.1,86,2.1,16.7,43.4,1022.3,False,23.7,7,1.6,2018
N HULKENBERG,27,Renault,Practice,Baku,144,Azerbaijan Grand Prix,113.948,22.4,42.2,1020.2,False,42.1,175,0.3,22.5,41.2,1019.5,False,39.8,245,1.2,Practice,111.76230000000001,19.2,58.5,1019.0,False,31.5,156,0.3,19.4,62.3,1018.1,False,26.9,242,1.2,Practice,114.2408888888889,24.1,41.1,1015.9,False,29.0,352,1.1,23.5,43.2,1015.0,False,28.3,165,1.9,Qualifying,9.0,103.746,103.232,103.066,1.5679999999999978,22.0,47.4,1015.3,False,26.6,198,1.5,23.0,45.8,1015.0,False,26.5,8,1.7,Race,18.0,119.44633333333333,17.2,46.1,1021.7,False,27.1,86,2.1,16.7,43.4,1022.3,False,23.7,7,1.6,2018
B HARTLEY,28,Toro Rosso,Practice,Baku,144,Azerbaijan Grand Prix,115.37481481481483,22.4,42.2,1020.2,False,42.1,175,0.3,22.5,41.2,1019.5,False,39.8,245,1.2,Practice,112.95479999999999,19.2,58.5,1019.0,False,31.5,156,0.3,19.4,62.3,1018.1,False,26.9,242,1.2,Practice,120.37100000000001,24.1,41.1,1015.9,False,29.0,352,1.1,23.5,43.2,1015.0,False,28.3,165,1.9,Qualifying,19.0,117.354,,,15.855999999999995,22.0,47.4,1015.3,False,26.6,198,1.5,23.0,45.8,1015.0,False,26.5,8,1.7,Race,10.0,114.05440476190476,17.2,46.1,1021.7,False,27.1,86,2.1,16.7,43.4,1022.3,False,23.7,7,1.6,2018
E OCON,31,Force India,Practice,Baku,144,Azerbaijan Grand Prix,118.23250000000002,22.4,42.2,1020.2,False,42.1,175,0.3,22.5,41.2,1019.5,False,39.8,245,1.2,Practice,112.01055555555557,19.2,58.5,1019.0,False,31.5,156,0.3,19.4,62.3,1018.1,False,26.9,242,1.2,Practice,116.45271428571428,24.1,41.1,1015.9,False,29.0,352,1.1,23.5,43.2,1015.0,False,28.3,165,1.9,Qualifying,7.0,103.021,102.967,102.523,1.0249999999999915,22.0,47.4,1015.3,False,26.6,198,1.5,23.0,45.8,1015.0,False,26.5,8,1.7,Race,19.0,,17.2,46.1,1021.7,False,27.1,86,2.1,16.7,43.4,1022.3,False,23.7,7,1.6,2018
M VERSTAPPEN,33,Red Bull Racing,Practice,Baku,144,Azerbaijan Grand Prix,109.43825,22.4,42.2,1020.2,False,42.1,175,0.3,22.5,41.2,1019.5,False,39.8,245,1.2,Practice,111.90021739130434,19.2,58.5,1019.0,False,31.5,156,0.3,19.4,62.3,1018.1,False,26.9,242,1.2,Practice,110.60057142857143,24.1,41.1,1015.9,False,29.0,352,1.1,23.5,43.2,1015.0,False,28.3,165,1.9,Qualifying,5.0,102.642,102.901,101.994,0.4959999999999951,22.0,47.4,1015.3,False,26.6,198,1.5,23.0,45.8,1015.0,False,26.5,8,1.7,Race,16.0,109.74674285714286,17.2,46.1,1021.7,False,27.1,86,2.1,16.7,43.4,1022.3,False,23.7,7,1.6,2018
S SIROTKIN,35,Williams,Practice,Baku,144,Azerbaijan Grand Prix,115.6454,22.4,42.2,1020.2,False,42.1,175,0.3,22.5,41.2,1019.5,False,39.8,245,1.2,Practice,117.79396666666666,19.2,58.5,1019.0,False,31.5,156,0.3,19.4,62.3,1018.1,False,26.9,242,1.2,Practice,115.80166666666668,24.1,41.1,1015.9,False,29.0,352,1.1,23.5,43.2,1015.0,False,28.3,165,1.9,Qualifying,12.0,104.261,103.886,,2.387999999999991,22.0,47.4,1015.3,False,26.6,198,1.5,23.0,45.8,1015.0,False,26.5,8,1.7,Race,20.0,,17.2,46.1,1021.7,False,27.1,86,2.1,16.7,43.4,1022.3,False,23.7,7,1.6,2018
L HAMILTON,44,Mercedes,Practice,Baku,144,Azerbaijan Grand Prix,116.5605,22.4,42.2,1020.2,False,42.1,175,0.3,22.5,41.2,1019.5,False,39.8,245,1.2,Practice,114.96892592592593,19.2,58.5,1019.0,False,31.5,156,0.3,19.4,62.3,1018.1,False,26.9,242,1.2,Practice,115.30454545454545,24.1,41.1,1015.9,False,29.0,352,1.1,23.5,43.2,1015.0,False,28.3,165,1.9,Qualifying,2.0,102.693,102.676,101.677,0.17900000000000205,22.0,47.4,1015.3,False,26.6,198,1.5,23.0,45.8,1015.0,False,26.5,8,1.7,Race,1.0,109.16034999999997,17.2,46.1,1021.7,False,27.1,86,2.1,16.7,43.4,1022.3,False,23.7,7,1.6,2018
C SAINZ,55,Renault,Practice,Baku,144,Azerbaijan Grand Prix,123.92600000000002,22.4,42.2,1020.2,False,42.1,175,0.3,22.5,41.2,1019.5,False,39.8,245,1.2,Practice,113.83015151515151,19.2,58.5,1019.0,False,31.5,156,0.3,19.4,62.3,1018.1,False,26.9,242,1.2,Practice,116.15158333333335,24.1,41.1,1015.9,False,29.0,352,1.1,23.5,43.2,1015.0,False,28.3,165,1.9,Qualifying,10.0,103.426,103.464,103.351,1.8529999999999944,22.0,47.4,1015.3,False,26.6,198,1.5,23.0,45.8,1015.0,False,26.5,8,1.7,Race,5.0,111.4448292682927,17.2,46.1,1021.7,False,27.1,86,2.1,16.7,43.4,1022.3,False,23.7,7,1.6,2018
V BOTTAS,77,Mercedes,Practice,Baku,144,Azerbaijan Grand Prix,113.47261904761906,22.4,42.2,1020.2,False,42.1,175,0.3,22.5,41.2,1019.5,False,39.8,245,1.2,Practice,115.47818181818182,19.2,58.5,1019.0,False,31.5,156,0.3,19.4,62.3,1018.1,False,26.9,242,1.2,Practice,111.97433333333333,24.1,41.1,1015.9,False,29.0,352,1.1,23.5,43.2,1015.0,False,28.3,165,1.9,Qualifying,3.0,103.355,102.679,101.837,0.33899999999999864,22.0,47.4,1015.3,False,26.6,198,1.5,23.0,45.8,1015.0,False,26.5,8,1.7,Race,14.0,108.56137837837836,17.2,46.1,1021.7,False,27.1,86,2.1,16.7,43.4,1022.3,False,23.7,7,1.6,2018
